actual_rating,expert
pos,pos
pos,pos
pos,pos
pos,pos
pos,pos
pos,pos
pos,pos
pos,pos
pos,pos
pos,pos
pos,pos
pos,pos
pos,pos
pos,pos
pos,pos
pos,pos
pos,pos
pos,pos
pos,pos
pos,pos
pos,pos
pos,pos
pos,pos
pos,pos
pos,pos
pos,pos
pos,pos
pos,pos
pos,pos
pos,pos
pos,pos
pos,pos
pos,pos
pos,pos
pos,pos
pos,pos
pos,pos
pos,pos
pos,pos
pos,pos
pos,pos
pos,pos
pos,neg
pos,pos
pos,pos
pos,pos
pos,pos
pos,pos
pos,pos
pos,pos
pos,pos
pos,pos
pos,pos
pos,pos
pos,pos
pos,pos
pos,pos
pos,pos
pos,pos
pos,pos
pos,pos
pos,pos
pos,pos
pos,pos
pos,pos
pos,pos
pos,pos
pos,pos
pos,pos
pos,pos
pos,pos
pos,pos
pos,pos
pos,pos
pos,pos
pos,pos
pos,pos
pos,pos
pos,pos
pos,pos
pos,pos
pos,pos
pos,pos
pos,pos
pos,neg
pos,pos
pos,pos
pos,pos
pos,pos
pos,pos
pos,pos
pos,pos
pos,pos
pos,pos
pos,pos
pos,pos
pos,pos
pos,pos
neg,neg
neg,neg
